{
  "data\\tenantManager.js": 1775539232.725492,
  "public\\widget.js": 1775631678.0400884,
  "public\\admin\\panel.js": 1775644599.1053255,
  "src\\index.js": 1775886507.9645667,
  "src\\admin\\auth.js": 1775543205.635162,
  "src\\cache\\salonDataCache.js": 1775634661.1498213,
  "src\\core\\intent.js": 1775547446.5207224,
  "src\\core\\router.js": 1775544937.0666423,
  "src\\core\\session.js": 1775544671.1767237,
  "src\\db\\database.js": 1775628003.1442416,
  "src\\db\\seed.js": 1775628309.2293217,
  "src\\db\\tenantManager.js": 1775817949.4768853,
  "src\\handlers\\facebook.js": 1775640370.102301,
  "src\\handlers\\instagram.js": 1775640243.5170603,
  "src\\handlers\\whatsapp.js": 1775640116.7632685,
  "src\\middleware\\tenantAuth.js": 1775559650.305298,
  "src\\replies\\booking.js": 1775630780.8631713,
  "src\\replies\\branches.js": 1775545079.28678,
  "src\\replies\\deals.js": 1775545041.28744,
  "src\\replies\\prices.js": 1775653483.6801505,
  "src\\scripts\\check-tenant.js": 1775561109.0684803,
  "src\\scripts\\create-sa01-tables.js": 1775561086.8339992,
  "src\\scripts\\create-tenant.js": 1775562827.0302088,
  "src\\scripts\\ensure-super-admin.js": 1775542426.1830087,
  "src\\scripts\\fix-auth.js": 1775562533.634573,
  "src\\scripts\\migrate-old-to-sa01.js": 1775561145.477644,
  "src\\scripts\\migrate-to-multitenant.js": 1775539414.4241388,
  "src\\server\\apiCallLive.js": 1775794879.094222,
  "src\\utils\\logger.js": 1775560084.5195096,
  "src\\utils\\metaSender.js": 1775640500.5738728,
  "test\\booking-lifecycle.test.js": 1775645117.80269,
  "test\\tenant-isolation.test.js": 1775644984.4625275,
  "test\\webhook-tenant.test.js": 1775645255.4516797,
  "test\\widget-routing.test.js": 1775645387.189697,
  "wp-plugin\\salon-bot-widget.php": 1774938066.0,
  "CLAUDE.md": 1775815919.4631772,
  "IMPLEMENTATION.md": 1775454549.619632,
  "README.md": 1773259726.0,
  "docs\\superpowers\\specs\\2026-04-09-crud-drawers-design.md": 1775730176.330593,
  "src\\CLAUDE.md": 1775725149.1320834
}